building,total_kwh,mean_kwh,min_kwh,max_kwh
Admin Block,50553.326,138.50226301369864,43.249,852.573
Engineering Block,59812.319,163.86936712328767,53.868,1106.493
Hostel A,89526.63,245.2784383561644,80.809,1429.927
Library,50261.143,137.7017616438356,44.473,521.665
